place,title,time,pay,date
경기 고양시,[노브랜드]  고양마두점 STAFF  단기 사원 모집,08:30~16:30,"시급 9,990",6분전
대전 중구,노브랜드 대전세이점 STAFF모집,08:00~21:00,"시급 9,990",14분전
전남 나주시,No-Brand 나주 빛가람점 STAFF 모집,08:00~22:00,"시급 9,990",19분전
서울 강서구,"이마트 노브랜드 강서가양점 STAFF 사원 모집(시급9,990원)",시간협의,"시급 9,990",22분전
경기 용인시,NoBrand 용인보라점 스텝 사원 채용공고,10:00~22:00,"시급 9,990",28분전
충남 공주시,노브랜드 공주신관동점 스태프 채용공고,08:00~22:30,"시급 9,990",30분전
경기 김포시,노브랜드 김포장기점 STAFF 단기사원 모집,09:00~22:30,"시급 9,980",39분전
경기 의정부,[노브랜드 의정부신곡점] STAFF모집 (3~6개월 단기),09:00~22:00,"시급 9,990",56분전
경기 광주시,[No_Brand] 노브랜드 광주초월점 STAFF 모집,09:00~22:30,"시급 9,990",1시간전
경기 군포시,노브랜드 군포TR점STAFF모집,08:00~23:00,"시급 9,990",1시간전
충남 공주시,노브랜드 공주신관동점 스태프 채용공고,08:00~22:30,"시급 9,990",1시간전
경남 거제시,노브랜드 거제아주점 STAFF 모집공고,08:00~22:00,"시급 9,990",1시간전
경기 수원시,노브랜드 수원망포점 staff 모집,09:00~17:00,"시급 9,910",2시간전
충남 논산시,NoBrand논산내동점 신규 STAFF 사원모집,08:30~22:00,"시급 9,990",2시간전
경기 시흥시,노브랜드 시흥목감점 STAFF 모집,08:00~22:00,"시급 9,990",2시간전
경기 용인시,NoBrand 용인보라점 스텝 사원 채용공고,10:00~22:00,"시급 9,990",2시간전
경기 시흥시,노브랜드 시흥아울렛점 STAFF모집,09:00~21:00,"시급 9,990",2시간전
강원 원주시,[이마트]No-Brand 원주단구점 스태프 모집(모집내용란 접수방법확인 必),09:00~22:00,"시급 9,990",2시간전
서울 전체,[이마트]노브랜드영등포여의도점 STAFF모집(주휴수당별도지급),09:00~22:00,"시급 9,990",2시간전
전남 나주시,No-Brand 나주 빛가람점 STAFF 모집,08:00~22:00,"시급 9,990",2시간전
서울 송파구,이마트노브랜드송파문정점 STAFF모집(단기3~6개월),09:30~22:30,"시급 9,990",3시간전
서울 동대문,[이마트]No-Brand 동대문장안점 스태프 모집,08:00~22:00,"시급 9,990",3시간전
서울 동대문,[이마트]No-Brand 동대문장안점 스태프 모집,08:00~22:00,"시급 9,990",3시간전
경기 용인시,NoBrand 용인보라점 스텝 사원 채용공고,10:00~22:00,"시급 9,990",3시간전
경기 하남시,노브랜드 스타필드 하남점 신규 STAFF 모집,09:00~23:00,"시급 9,990",3시간전
경기 화성시,노브랜드 화성동탄더블루팍스점 STAFF 모집,10:00~22:00,"시급 9,990",3시간전
경기 용인시,NoBrand 용인보라점 스텝 사원 채용공고,10:00~22:00,"시급 9,990",4시간전
서울 노원구,[노브랜드 노원 중계점] STAFF 채용공고,09:00~22:00,"시급 9,990",4시간전
전남 나주시,No-Brand 나주 빛가람점 STAFF 모집,08:00~22:00,"시급 9,990",4시간전
서울 전체,No-Brand 강남한티역점 Staff 채용 모집,09:00~17:00,"시급 9,990",4시간전
대전 서구,노브랜드 대전관저점 STAFF 모집 공고,08:00~22:00,"시급 9,990",4시간전
경기 성남시,노브랜드 성남이매2점 STAFF 모집,09:00~22:30,"시급 9,990",4시간전
경북 구미시,노브랜드 구미진평점 스태프모집,08:30~22:00,"시급 9,990",5시간전
충남 공주시,노브랜드 공주신관동점 스태프 채용공고,08:00~22:30,"시급 9,990",5시간전
경기 광주시,[No_Brand] 노브랜드 광주초월점 3개월 단기근무 STAFF 모집,09:30~22:30,"시급 9,990",8시간전
경기 고양시,노브랜드 고양 행신점 STAFF 모집,07:30~22:30,"시급 9,990",9시간전
경기 하남시,[이마트][No-Brand] 하남천현점 스태프 모집,10:30~22:30,"시급 9,990",19시간전
서울 노원구,[노브랜드 노원상계점] 스태프 채용 모집,09:00~22:30,"시급 9,990",07/18
경기 화성시,노브랜드 화성동탄더블루팍스점 STAFF 모집,10:00~22:00,"시급 9,990",07/18
경기 성남시,[노브랜드] 성남 위례창곡 신규 STAFF 채용,08:00~16:00,"시급 9,990",07/18
경기 고양시,[노브랜드]  고양마두점 STAFF  단기 사원 모집,08:30~16:30,"시급 9,990",6분전
대전 중구,노브랜드 대전세이점 STAFF모집,08:00~21:00,"시급 9,990",14분전
전남 나주시,No-Brand 나주 빛가람점 STAFF 모집,08:00~22:00,"시급 9,990",19분전
서울 강서구,"이마트 노브랜드 강서가양점 STAFF 사원 모집(시급9,990원)",시간협의,"시급 9,990",22분전
경기 용인시,NoBrand 용인보라점 스텝 사원 채용공고,10:00~22:00,"시급 9,990",28분전
충남 공주시,노브랜드 공주신관동점 스태프 채용공고,08:00~22:30,"시급 9,990",30분전
경기 김포시,노브랜드 김포장기점 STAFF 단기사원 모집,09:00~22:30,"시급 9,980",39분전
경기 의정부,[노브랜드 의정부신곡점] STAFF모집 (3~6개월 단기),09:00~22:00,"시급 9,990",56분전
경기 광주시,[No_Brand] 노브랜드 광주초월점 STAFF 모집,09:00~22:30,"시급 9,990",1시간전
경기 군포시,노브랜드 군포TR점STAFF모집,08:00~23:00,"시급 9,990",1시간전
충남 공주시,노브랜드 공주신관동점 스태프 채용공고,08:00~22:30,"시급 9,990",1시간전
경남 거제시,노브랜드 거제아주점 STAFF 모집공고,08:00~22:00,"시급 9,990",1시간전
경기 수원시,노브랜드 수원망포점 staff 모집,09:00~17:00,"시급 9,910",2시간전
충남 논산시,NoBrand논산내동점 신규 STAFF 사원모집,08:30~22:00,"시급 9,990",2시간전
경기 시흥시,노브랜드 시흥목감점 STAFF 모집,08:00~22:00,"시급 9,990",2시간전
경기 용인시,NoBrand 용인보라점 스텝 사원 채용공고,10:00~22:00,"시급 9,990",2시간전
경기 시흥시,노브랜드 시흥아울렛점 STAFF모집,09:00~21:00,"시급 9,990",2시간전
강원 원주시,[이마트]No-Brand 원주단구점 스태프 모집(모집내용란 접수방법확인 必),09:00~22:00,"시급 9,990",2시간전
서울 전체,[이마트]노브랜드영등포여의도점 STAFF모집(주휴수당별도지급),09:00~22:00,"시급 9,990",2시간전
전남 나주시,No-Brand 나주 빛가람점 STAFF 모집,08:00~22:00,"시급 9,990",2시간전
서울 송파구,이마트노브랜드송파문정점 STAFF모집(단기3~6개월),09:30~22:30,"시급 9,990",3시간전
서울 동대문,[이마트]No-Brand 동대문장안점 스태프 모집,08:00~22:00,"시급 9,990",3시간전
서울 동대문,[이마트]No-Brand 동대문장안점 스태프 모집,08:00~22:00,"시급 9,990",3시간전
경기 용인시,NoBrand 용인보라점 스텝 사원 채용공고,10:00~22:00,"시급 9,990",3시간전
경기 하남시,노브랜드 스타필드 하남점 신규 STAFF 모집,09:00~23:00,"시급 9,990",3시간전
경기 화성시,노브랜드 화성동탄더블루팍스점 STAFF 모집,10:00~22:00,"시급 9,990",3시간전
경기 용인시,NoBrand 용인보라점 스텝 사원 채용공고,10:00~22:00,"시급 9,990",4시간전
서울 노원구,[노브랜드 노원 중계점] STAFF 채용공고,09:00~22:00,"시급 9,990",4시간전
전남 나주시,No-Brand 나주 빛가람점 STAFF 모집,08:00~22:00,"시급 9,990",4시간전
서울 전체,No-Brand 강남한티역점 Staff 채용 모집,09:00~17:00,"시급 9,990",4시간전
대전 서구,노브랜드 대전관저점 STAFF 모집 공고,08:00~22:00,"시급 9,990",4시간전
경기 성남시,노브랜드 성남이매2점 STAFF 모집,09:00~22:30,"시급 9,990",4시간전
경북 구미시,노브랜드 구미진평점 스태프모집,08:30~22:00,"시급 9,990",5시간전
충남 공주시,노브랜드 공주신관동점 스태프 채용공고,08:00~22:30,"시급 9,990",5시간전
경기 광주시,[No_Brand] 노브랜드 광주초월점 3개월 단기근무 STAFF 모집,09:30~22:30,"시급 9,990",8시간전
경기 고양시,노브랜드 고양 행신점 STAFF 모집,07:30~22:30,"시급 9,990",9시간전
경기 하남시,[이마트][No-Brand] 하남천현점 스태프 모집,10:30~22:30,"시급 9,990",19시간전
서울 노원구,[노브랜드 노원상계점] 스태프 채용 모집,09:00~22:30,"시급 9,990",07/18
경기 화성시,노브랜드 화성동탄더블루팍스점 STAFF 모집,10:00~22:00,"시급 9,990",07/18
경기 성남시,[노브랜드] 성남 위례창곡 신규 STAFF 채용,08:00~16:00,"시급 9,990",07/18
경기 고양시,[노브랜드]  고양마두점 STAFF  단기 사원 모집,08:30~16:30,"시급 9,990",6분전
대전 중구,노브랜드 대전세이점 STAFF모집,08:00~21:00,"시급 9,990",14분전
전남 나주시,No-Brand 나주 빛가람점 STAFF 모집,08:00~22:00,"시급 9,990",19분전
서울 강서구,"이마트 노브랜드 강서가양점 STAFF 사원 모집(시급9,990원)",시간협의,"시급 9,990",22분전
경기 용인시,NoBrand 용인보라점 스텝 사원 채용공고,10:00~22:00,"시급 9,990",28분전
충남 공주시,노브랜드 공주신관동점 스태프 채용공고,08:00~22:30,"시급 9,990",30분전
경기 김포시,노브랜드 김포장기점 STAFF 단기사원 모집,09:00~22:30,"시급 9,980",39분전
경기 의정부,[노브랜드 의정부신곡점] STAFF모집 (3~6개월 단기),09:00~22:00,"시급 9,990",56분전
경기 광주시,[No_Brand] 노브랜드 광주초월점 STAFF 모집,09:00~22:30,"시급 9,990",1시간전
경기 군포시,노브랜드 군포TR점STAFF모집,08:00~23:00,"시급 9,990",1시간전
충남 공주시,노브랜드 공주신관동점 스태프 채용공고,08:00~22:30,"시급 9,990",1시간전
경남 거제시,노브랜드 거제아주점 STAFF 모집공고,08:00~22:00,"시급 9,990",1시간전
경기 수원시,노브랜드 수원망포점 staff 모집,09:00~17:00,"시급 9,910",2시간전
충남 논산시,NoBrand논산내동점 신규 STAFF 사원모집,08:30~22:00,"시급 9,990",2시간전
경기 시흥시,노브랜드 시흥목감점 STAFF 모집,08:00~22:00,"시급 9,990",2시간전
경기 용인시,NoBrand 용인보라점 스텝 사원 채용공고,10:00~22:00,"시급 9,990",2시간전
경기 시흥시,노브랜드 시흥아울렛점 STAFF모집,09:00~21:00,"시급 9,990",2시간전
강원 원주시,[이마트]No-Brand 원주단구점 스태프 모집(모집내용란 접수방법확인 必),09:00~22:00,"시급 9,990",2시간전
서울 전체,[이마트]노브랜드영등포여의도점 STAFF모집(주휴수당별도지급),09:00~22:00,"시급 9,990",2시간전
전남 나주시,No-Brand 나주 빛가람점 STAFF 모집,08:00~22:00,"시급 9,990",2시간전
서울 송파구,이마트노브랜드송파문정점 STAFF모집(단기3~6개월),09:30~22:30,"시급 9,990",3시간전
서울 동대문,[이마트]No-Brand 동대문장안점 스태프 모집,08:00~22:00,"시급 9,990",3시간전
서울 동대문,[이마트]No-Brand 동대문장안점 스태프 모집,08:00~22:00,"시급 9,990",3시간전
경기 용인시,NoBrand 용인보라점 스텝 사원 채용공고,10:00~22:00,"시급 9,990",3시간전
경기 하남시,노브랜드 스타필드 하남점 신규 STAFF 모집,09:00~23:00,"시급 9,990",3시간전
경기 화성시,노브랜드 화성동탄더블루팍스점 STAFF 모집,10:00~22:00,"시급 9,990",3시간전
경기 용인시,NoBrand 용인보라점 스텝 사원 채용공고,10:00~22:00,"시급 9,990",4시간전
서울 노원구,[노브랜드 노원 중계점] STAFF 채용공고,09:00~22:00,"시급 9,990",4시간전
전남 나주시,No-Brand 나주 빛가람점 STAFF 모집,08:00~22:00,"시급 9,990",4시간전
서울 전체,No-Brand 강남한티역점 Staff 채용 모집,09:00~17:00,"시급 9,990",4시간전
대전 서구,노브랜드 대전관저점 STAFF 모집 공고,08:00~22:00,"시급 9,990",4시간전
경기 성남시,노브랜드 성남이매2점 STAFF 모집,09:00~22:30,"시급 9,990",4시간전
경북 구미시,노브랜드 구미진평점 스태프모집,08:30~22:00,"시급 9,990",5시간전
충남 공주시,노브랜드 공주신관동점 스태프 채용공고,08:00~22:30,"시급 9,990",5시간전
경기 광주시,[No_Brand] 노브랜드 광주초월점 3개월 단기근무 STAFF 모집,09:30~22:30,"시급 9,990",8시간전
경기 고양시,노브랜드 고양 행신점 STAFF 모집,07:30~22:30,"시급 9,990",9시간전
경기 하남시,[이마트][No-Brand] 하남천현점 스태프 모집,10:30~22:30,"시급 9,990",19시간전
서울 노원구,[노브랜드 노원상계점] 스태프 채용 모집,09:00~22:30,"시급 9,990",07/18
경기 화성시,노브랜드 화성동탄더블루팍스점 STAFF 모집,10:00~22:00,"시급 9,990",07/18
경기 성남시,[노브랜드] 성남 위례창곡 신규 STAFF 채용,08:00~16:00,"시급 9,990",07/18
